{"roc-auc-score": 0.6441820099721746, "threshold-at-0.01": 1.0, "accuracy-at-0.01": 0.8601421016079919, "precision-at-0.01": 0.7692307692307693, "recall-at-0.01": 0.0005454644629902362, "f1-at-0.01": 0.0010901558922925979, "threshold-at-0.02": 1.0, "accuracy-at-0.02": 0.860042889959018, "precision-at-0.02": 0.38461538461538464, "recall-at-0.02": 0.0005454644629902362, "f1-at-0.02": 0.0010893839533743666, "threshold-at-0.05": 1.0, "accuracy-at-0.05": 0.8598024925018888, "precision-at-0.05": 0.21374045801526717, "recall-at-0.05": 0.0007636502481863307, "f1-at-0.05": 0.0015218631953691877, "threshold-at-0.1": 1.0, "accuracy-at-0.1": 0.8593026184243664, "precision-at-0.1": 0.10687022900763359, "recall-at-0.1": 0.0007636502481863307, "f1-at-0.1": 0.0015164644714038128, "threshold-at-0.2": 1.0, "accuracy-at-0.2": 0.8584249769142125, "precision-at-0.2": 0.08396946564885496, "recall-at-0.2": 0.0012000218185785195, "f1-at-0.2": 0.002366227480505512, "threshold-at-0.3": 1.0, "accuracy-at-0.3": 0.8574557554203903, "precision-at-0.3": 0.061068702290076333, "recall-at-0.3": 0.0013091147111765667, "f1-at-0.3": 0.0025632809996795894, "threshold-at-0.4": 1.0, "accuracy-at-0.4": 0.8565475872490136, "precision-at-0.4": 0.05725190839694656, "recall-at-0.4": 0.0016363933889707086, "f1-at-0.4": 0.00318184228668399, "threshold-at-0.5": 1.0, "accuracy-at-0.5": 0.8555478390939687, "precision-at-0.5": 0.04580152671755725, "recall-at-0.5": 0.0016363933889707086, "f1-at-0.5": 0.0031598904571308196, "threshold-at-0.6": 1.0, "accuracy-at-0.6": 0.8545480909389238, "precision-at-0.6": 0.03816793893129771, "recall-at-0.6": 0.0016363933889707086, "f1-at-0.6": 0.0031382394476698575, "threshold-at-0.7": 1.0, "accuracy-at-0.7": 0.8537009760899926, "precision-at-0.7": 0.04362050163576881, "recall-at-0.7": 0.0021818578519609447, "f1-at-0.7": 0.004155844155844156, "threshold-at-0.8": 1.0, "accuracy-at-0.8": 0.8527012279349477, "precision-at-0.8": 0.03816793893129771, "recall-at-0.8": 0.0021818578519609447, "f1-at-0.8": 0.0041277539858624425, "threshold-at-0.9": 1.0, "accuracy-at-0.9": 0.8517014797799027, "precision-at-0.9": 0.033927056827820185, "recall-at-0.9": 0.0021818578519609447, "f1-at-0.9": 0.004100041000410004, "name": "DecisionTreeClassifier-max_depth20", "test_train_index": 1}