,precision,recall
0,0.12769082009919705,1.0
1,0.4912190520868164,0.6992036825243477
2,1.0,0.0
