,precision,recall
0,0.18175250437567497,1.0
1,0.30031145460837466,0.5334180223742983
2,1.0,0.0
