,precision,recall
0,0.2233981211244866,1.0
1,0.49064334637964774,0.6371758726124767
2,1.0,0.0
