,precision,recall
0,0.21560152237581176,1.0
1,0.3947679610010377,0.5367326180398333
2,1.0,0.0
