,precision,recall
0,0.27471507118668753,1.0
1,0.12401405337490402,0.23549163850045288
2,0.1589118104703107,0.2098217244350189
3,0.13808190409520477,0.17429915832725826
4,0.10544644896094998,0.08160470099631077
5,0.100191949744067,0.07610400512514635
6,0.08544213237398307,0.04617049948085802
7,0.08336223339691347,0.04248127775200477
8,0.2186392629340893,0.01363023836348775
9,1.0,0.0
