,precision,recall
0,0.2233981211244866,1.0
1,0.2797460995804987,0.7070245800738594
2,0.2876205249334579,0.6479371004248898
3,0.3295534888780116,0.4812373426517889
4,0.3353285906797455,0.424889806615574
5,0.401431955211025,0.2961124568161061
6,0.41605008537279453,0.26124766707699637
7,0.47607726597325406,0.19084302902751857
8,0.4920826785930134,0.16165667315252352
9,0.547244094488189,0.10487233451137672
10,0.6066298342541436,0.08720168367549537
11,1.0,0.0
