,precision,recall
0,0.27471507118668753,1.0
1,0.48389725116857496,0.9971060596019176
2,0.5152970514211827,0.9860163032672808
3,0.6373831480046187,0.8901849029094042
4,0.6700374013021194,0.8548390659862594
5,0.7786077010304195,0.6977489120109572
6,0.8059041798537597,0.6525283318974087
7,0.9014784344072008,0.4889654715355557
8,0.9231449997671061,0.43782446373738043
9,0.9698857736240913,0.3094969845582875
10,0.9794622236885516,0.26233238341396603
11,1.0,0.0
