,precision,recall
0,0.21560152237581176,1.0
1,0.4453227349672481,0.9926501952291892
2,0.479590350919769,0.9726351018801063
3,0.6106748177756878,0.8521836138727565
4,0.6407067723716254,0.811431571348886
5,0.7600596125186289,0.6191554286839256
6,0.7921155274888558,0.5597335695770581
7,0.8959259259259259,0.39685664599534076
8,0.9162870648904169,0.3498047708107753
9,0.9667182662538699,0.20490861961479148
10,0.9837209302325581,0.16655182596712276
11,1.0,0.0
