,precision,recall
0,0.6808510638297872,1.0
1,0.9642857142857143,0.5625
2,1.0,0.0
