,precision,recall
0,0.7458563535911602,1.0
1,0.8645833333333334,0.6148148148148148
2,1.0,0.0
