,precision,recall
0,0.8442622950819673,1.0
1,0.8571428571428571,0.5825242718446602
2,1.0,0.0
