,precision,recall
0,0.14007871220420892,1.0
1,0.47892069653350583,0.4841672116851973
2,1.0,0.0
