,precision,recall
0,0.22240230334347083,1.0
1,0.4443634519697018,0.6010373799725651
2,1.0,0.0
