,precision,recall
0,0.22240230334347083,1.0
1,0.26073584545974454,0.8794581618655692
2,0.2658297100406001,0.7914951989026063
3,0.4032088926174497,0.6592935528120714
4,0.44056160316674914,0.6106824417009602
5,0.5212229707448062,0.4742798353909465
6,0.6899784192069058,0.43857167352537724
7,0.7124243503025988,0.42892661179698216
8,0.7475836431226766,0.34482167352537724
9,0.7007774075836903,0.18934327846364885
10,0.7263487099296325,0.15929355281207133
11,1.0,0.0961076817558299
12,1.0,0.0
