,precision,recall
0,0.2218932035205001,1.0
1,0.39981585626835214,0.5414504279840938
2,1.0,0.0
