,precision,recall
0,0.27471507118668753,1.0
1,0.4960391318392272,0.7123953431859854
2,1.0,0.0
