,precision,recall
0,0.18175250437567497,1.0
1,0.10127214088256374,0.32426341023644634
2,0.101273437000064,0.32426341023644634
3,0.13822535264459845,0.2999631192886121
4,0.1300142762350954,0.264967422038274
5,0.1257390944800496,0.12461582592304225
6,0.12345521722512422,0.11912469778305947
7,0.11699747383616023,0.06642625906650822
8,0.11602593793422881,0.06159078801786665
9,0.15865118850193477,0.011760849075933288
10,1.0,0.0
