,precision,recall
0,0.21560152237581176,1.0
1,0.10527012552502678,0.28700331397447254
2,0.10527139246600072,0.28700331397447254
3,0.14939313893061237,0.2839190209010073
4,0.15476846241416034,0.2765692161301965
5,0.1916614567052204,0.16094103750369132
6,0.19282385085181614,0.15746300488893264
7,0.230480847595762,0.09279128523148604
8,0.23436262866191607,0.08741017816714243
9,0.4490986214209968,0.027791449289628244
10,1.0,0.0
