,precision,recall
0,0.2218932035205001,1.0
1,0.11218079153525283,0.2972635977623509
2,0.1607459351159744,0.2811889195929096
3,0.1578469413027326,0.2577340432702029
4,0.15549564496059726,0.1263395565141201
5,0.15363892927392456,0.12108242906247894
6,0.17642335180277843,0.07403787827727977
7,0.17516005121638925,0.0691514457100492
8,0.2535767143561914,0.017321560962458717
9,1.0,0.0
