,precision,recall
0,0.2233981211244866,1.0
1,0.11097597152180362,0.29710519000913316
2,0.11096278497159555,0.2970654806814121
3,0.15022862480947932,0.24266370170353016
4,0.1304663212435233,0.19997617440336735
5,0.09347590593004158,0.1062224516538935
6,0.0922304346288503,0.10356192669658103
7,0.08320464223875708,0.07060318468808323
8,0.08351399290500591,0.06730731048723346
9,0.2106314948041567,0.020926815709010047
10,1.0,0.0
