,precision,recall
0,0.2218932035205001,1.0
1,0.4275042696962946,0.970074812967581
2,0.460813354062679,0.9489115050212307
3,0.5763078151793475,0.8267843903754128
4,0.6130979529418077,0.7701017725955381
5,0.7233762372031775,0.5738693806025477
6,0.7664167004458857,0.5097391655995147
7,0.8569357177380377,0.3584956527599919
8,0.8788978231025691,0.3020489317247422
9,0.925701420159335,0.1801240142886028
10,0.9707838479809976,0.1377299993260093
11,1.0,0.0
