,precision,recall
0,0.18175250437567497,1.0
1,0.38374530037596993,0.9829119370569193
2,0.42141717435451115,0.9524238823095521
3,0.554018048990116,0.7924435520222923
4,0.5869727813729635,0.7396631561693234
5,0.7163711011005303,0.5148137524074908
6,0.7520122120455176,0.44412572224726465
7,0.8350961538461539,0.2847190919149285
8,0.8871887188718872,0.2423472523870016
9,0.9454778704297627,0.12080481907962136
10,0.9975237309120925,0.09904519936073433
11,1.0,0.0
