,precision,recall
0,0.22240230334347083,1.0
1,0.2717044324663771,0.6676954732510288
2,0.27882670262980447,0.6026663237311386
3,0.2982031979779109,0.4652777777777778
4,0.29696482660567475,0.4118655692729767
5,0.3401368301026226,0.25574417009602196
6,0.33846573102602534,0.21296296296296297
7,0.3817488623785512,0.13305898491083676
8,0.38684332152210754,0.1076388888888889
9,0.47732342007434947,0.055041152263374485
10,0.5007849293563579,0.041023662551440326
11,1.0,0.0
