,precision,recall
0,0.213659961064244,1.0
1,0.5423780179816143,0.45296549396777186
2,1.0,0.0
