,precision,recall
0,0.8304347826086956,1.0
1,0.9166666666666666,0.6335078534031413
2,1.0,0.0
