,precision,recall
0,0.7739463601532567,1.0
1,0.9565217391304348,0.6534653465346535
2,1.0,0.0
