,precision,recall
0,0.7729083665338645,1.0
1,0.9448275862068966,0.7061855670103093
2,1.0,0.0
