,precision,recall
0,0.214456003467707,1.0
1,0.22487189820945364,0.8223429341418225
2,1.0,0.0
